"id_ltable","id_rtable"
55,273
97,315
59,277
106,324
47,265
87,305
41,259
50,268
21,239
56,274
85,303
65,283
90,308
62,280
54,272
8,226
11,229
81,299
105,323
10,228
24,242
7,225
111,329
40,258
12,230
77,295
16,234
26,244
23,241
14,232
72,290
88,306
17,235
3,221
70,288
32,250
46,264
89,307
33,251
49,267
69,287
104,322
15,233
78,296
110,328
2,220
53,271
98,316
92,310
86,304
19,237
64,282
43,261
35,253
52,270
44,262
102,320
9,227
6,224
13,231
95,313
4,222
0,218
67,285
1,219
29,247
